2025-10-28T23:11:00.936586,31.9268511,34.7918339
2025-10-28T23:11:01.191083,31.9268506,34.7918336
2025-10-28T23:11:01.319294,31.92685,34.7918345
2025-10-28T23:11:01.576769,31.9268491,34.7918354
2025-10-28T23:11:01.702677,31.9268479,34.7918359
2025-10-28T23:11:01.960172,31.9268465,34.7918366
2025-10-28T23:11:02.347934,31.9268466,34.7918365
2025-10-28T23:11:02.602826,31.9268462,34.7918367
2025-10-28T23:11:02.729055,31.9268451,34.7918374
2025-10-28T23:11:02.982736,31.9268441,34.791838
2025-10-28T23:11:03.110201,31.9268435,34.7918383
2025-10-28T23:11:03.362747,31.9268396,34.7918384
2025-10-28T23:11:03.491269,31.9268383,34.7918388
2025-10-28T23:11:03.749285,31.9268388,34.7918384
2025-10-28T23:11:04.000858,31.926837,34.79184
2025-10-28T23:11:04.128154,31.9268355,34.7918414
2025-10-28T23:11:04.381095,31.9268363,34.7918409
2025-10-28T23:11:04.508596,31.9268371,34.7918404
2025-10-28T23:11:04.760917,31.9268375,34.7918402
2025-10-28T23:11:04.890232,31.9268376,34.7918401
2025-10-28T23:11:05.142637,31.9268376,34.7918402
2025-10-28T23:11:05.395211,31.9268375,34.7918401
2025-10-28T23:11:05.522117,31.9268369,34.7918403
2025-10-28T23:11:05.775444,31.9268363,34.7918404
2025-10-28T23:11:05.900898,31.926836,34.7918404
2025-10-28T23:11:06.155146,31.9268358,34.7918406
2025-10-28T23:11:06.409109,31.9268355,34.7918406
2025-10-28T23:11:06.536695,31.9268352,34.7918405
2025-10-28T23:11:06.794158,31.9268349,34.7918406
2025-10-28T23:11:06.920288,31.9268348,34.7918405
2025-10-28T23:11:07.174535,31.9268347,34.7918404
2025-10-28T23:11:07.302143,31.9268345,34.7918404
2025-10-28T23:11:07.554163,31.9268344,34.7918403
2025-10-28T23:11:07.808516,31.9268343,34.7918401
2025-10-28T23:11:07.935183,31.9268339,34.7918401
2025-10-28T23:11:08.189760,31.9268335,34.79184
2025-10-28T23:11:08.316553,31.9268336,34.7918398
2025-10-28T23:11:08.567879,31.9268338,34.7918395
2025-10-28T23:11:08.695585,31.9268335,34.7918394
2025-10-28T23:11:08.953247,31.926833,34.7918398
2025-10-28T23:11:09.210083,31.9268327,34.7918398
2025-10-28T23:11:09.338859,31.9268324,34.7918398
2025-10-28T23:11:09.592828,31.9268321,34.7918399
2025-10-28T23:11:09.720076,31.9268319,34.7918399
2025-10-28T23:11:09.972963,31.9268313,34.7918402
2025-10-28T23:11:10.098444,31.9268306,34.7918404
2025-10-28T23:11:10.351096,31.9268304,34.7918404
2025-10-28T23:11:10.608116,31.9268303,34.7918404
2025-10-28T23:11:10.733631,31.9268302,34.7918403
2025-10-28T23:11:10.989237,31.92683,34.7918403
2025-10-28T23:11:11.114325,31.9268295,34.7918406
2025-10-28T23:11:11.368748,31.926829,34.7918406
2025-10-28T23:11:11.495277,31.9268288,34.7918406
2025-10-28T23:11:11.748468,31.9268284,34.7918407
2025-10-28T23:11:12.004731,31.926828,34.7918408
2025-10-28T23:11:12.131873,31.9268276,34.791841
2025-10-28T23:11:12.384202,31.9268273,34.791841
2025-10-28T23:11:12.510231,31.926827,34.7918411
2025-10-28T23:11:12.764274,31.9268266,34.7918413
2025-10-28T23:11:12.890521,31.9268264,34.7918414
2025-10-28T23:11:13.144763,31.9268264,34.7918413
2025-10-28T23:11:13.396716,31.9268263,34.7918412
2025-10-28T23:11:13.523094,31.9268262,34.7918412
2025-10-28T23:11:13.777779,31.9268261,34.7918411
2025-10-28T23:11:13.904663,31.9268257,34.7918411
2025-10-28T23:11:14.159438,31.9268249,34.7918412
2025-10-28T23:11:14.420049,31.9268245,34.7918412
2025-10-28T23:11:14.547279,31.9268241,34.7918412
2025-10-28T23:11:14.800287,31.9268238,34.7918412
2025-10-28T23:11:14.927627,31.9268237,34.7918411
2025-10-28T23:11:15.187369,31.9268234,34.7918412
2025-10-28T23:11:15.314348,31.926823,34.7918412
2025-10-28T23:11:15.441392,31.9268229,34.7918412
2025-10-28T23:11:15.567980,31.9268228,34.7918411
2025-10-28T23:11:16.074709,31.9268229,34.7918412
2025-10-28T23:11:16.219435,31.9268231,34.7918412
2025-10-28T23:11:16.347873,31.9268232,34.7918412
2025-10-28T23:11:16.474262,31.9268233,34.7918412
2025-10-28T23:11:16.599760,31.9268235,34.7918412
2025-10-28T23:11:16.726517,31.9268235,34.7918413
2025-10-28T23:11:16.987297,31.9268235,34.7918415
2025-10-28T23:11:17.113373,31.9268234,34.7918417
2025-10-28T23:11:17.241803,31.9268234,34.7918418
2025-10-28T23:11:17.367643,31.9268233,34.7918419
2025-10-28T23:11:17.493550,31.9268234,34.791842
2025-10-28T23:11:17.875179,31.9268235,34.791842
2025-10-28T23:11:18.002683,31.9268237,34.7918421
2025-10-28T23:11:18.257108,31.9268238,34.7918421
2025-10-28T23:11:18.511369,31.9268238,34.7918422
2025-10-28T23:11:18.638117,31.9268238,34.7918423
2025-10-28T23:11:18.765520,31.9268239,34.7918423
2025-10-28T23:11:18.892438,31.9268242,34.7918422
2025-10-28T23:11:19.019631,31.9268245,34.7918422
2025-10-28T23:11:19.146015,31.9268247,34.7918421
2025-10-28T23:11:19.271774,31.9268249,34.7918421
2025-10-28T23:11:19.399247,31.9268256,34.791842
2025-10-28T23:11:19.525774,31.9268259,34.7918417
2025-10-28T23:11:19.653215,31.9268262,34.7918416
2025-10-28T23:11:19.782572,31.9268265,34.7918415
2025-10-28T23:11:19.908785,31.9268271,34.7918413
2025-10-28T23:11:20.036574,31.9268274,34.7918412
2025-10-28T23:11:20.164140,31.9268278,34.791841
2025-10-28T23:11:20.289970,31.9268285,34.7918407
2025-10-28T23:11:20.416484,31.9268289,34.7918406
2025-10-28T23:11:20.544195,31.9268292,34.7918403
2025-10-28T23:11:20.670064,31.9268296,34.7918402
2025-10-28T23:11:20.799413,31.9268302,34.79184
2025-10-28T23:11:20.926311,31.9268306,34.7918399
2025-10-28T23:11:21.052675,31.9268309,34.7918398
2025-10-28T23:11:21.180264,31.9268317,34.7918395
2025-10-28T23:11:21.306777,31.926832,34.7918394
2025-10-28T23:11:21.433119,31.9268324,34.7918392
2025-10-28T23:11:21.561511,31.9268327,34.7918391
2025-10-28T23:11:21.687684,31.9268332,34.7918389
2025-10-28T23:11:21.816615,31.9268335,34.7918388
2025-10-28T23:11:21.944480,31.9268339,34.7918386
2025-10-28T23:11:22.070361,31.9268342,34.7918384
2025-10-28T23:11:22.196228,31.9268348,34.7918381
2025-10-28T23:11:22.324119,31.9268352,34.7918379
2025-10-28T23:11:22.452516,31.9268355,34.7918378
2025-10-28T23:11:22.579529,31.9268361,34.7918374
2025-10-28T23:11:22.707599,31.9268364,34.7918372
2025-10-28T23:11:22.834431,31.9268367,34.7918371
2025-10-28T23:11:22.963163,31.926837,34.7918369
2025-10-28T23:11:23.088629,31.9268376,34.7918366
2025-10-28T23:11:23.214421,31.9268378,34.7918365
2025-10-28T23:11:23.342183,31.926838,34.7918363
2025-10-28T23:11:23.469308,31.9268382,34.7918363
2025-10-28T23:11:23.594190,31.9268388,34.791836
2025-10-28T23:11:23.721278,31.9268391,34.791836
2025-10-28T23:11:23.847043,31.9268394,34.7918359
2025-10-28T23:11:23.977476,31.9268397,34.7918358
2025-10-28T23:11:24.105308,31.9268401,34.7918358
2025-10-28T23:11:24.230731,31.9268404,34.7918358
2025-10-28T23:11:24.357758,31.9268406,34.7918358
2025-10-28T23:11:24.483517,31.926841,34.7918358
2025-10-28T23:11:24.609651,31.9268412,34.7918358
2025-10-28T23:11:24.737743,31.9268414,34.7918357
2025-10-28T23:11:24.864255,31.9268417,34.7918357
2025-10-28T23:11:24.989545,31.9268422,34.7918355
2025-10-28T23:11:25.116683,31.9268424,34.7918355
2025-10-28T23:11:25.243298,31.9268426,34.7918354
2025-10-28T23:11:25.369808,31.9268429,34.7918354
2025-10-28T23:11:25.496888,31.9268433,34.7918353
2025-10-28T23:11:25.622432,31.9268436,34.7918353
2025-10-28T23:11:25.749405,31.9268438,34.7918352
2025-10-28T23:11:25.895544,31.9268442,34.7918352
2025-10-28T23:11:26.022667,31.9268444,34.7918352
2025-10-28T23:11:26.150769,31.9268446,34.7918351
2025-10-28T23:11:26.279588,31.9268449,34.7918351
2025-10-28T23:11:26.405735,31.9268451,34.7918351
2025-10-28T23:11:26.531627,31.9268453,34.791835
2025-10-28T23:11:26.659255,31.9268455,34.791835
2025-10-28T23:11:26.784163,31.9268458,34.7918349
2025-10-28T23:11:26.910124,31.926846,34.7918348
2025-10-28T23:11:27.036341,31.9268461,34.7918348
2025-10-28T23:11:27.162821,31.9268463,34.7918347
2025-10-28T23:11:27.290303,31.9268466,34.7918346
2025-10-28T23:11:27.417207,31.9268468,34.7918346
2025-10-28T23:11:27.543490,31.926847,34.7918345
2025-10-28T23:11:27.668772,31.9268472,34.7918344
2025-10-28T23:11:27.796473,31.9268475,34.7918343
2025-10-28T23:11:27.922354,31.9268477,34.7918343
2025-10-28T23:11:28.049540,31.9268478,34.7918343
2025-10-28T23:11:28.175580,31.9268481,34.7918342
2025-10-28T23:11:28.303237,31.9268482,34.7918342
2025-10-28T23:11:28.428731,31.9268483,34.7918342
2025-10-28T23:11:28.590453,31.9268484,34.7918342
2025-10-28T23:11:28.717609,31.9268486,34.7918342
2025-10-28T23:11:28.845383,31.9268487,34.7918342
2025-10-28T23:11:28.970737,31.9268488,34.7918342
2025-10-28T23:11:29.098236,31.926849,34.7918342
2025-10-28T23:11:29.224529,31.9268492,34.7918342
2025-10-28T23:11:29.351310,31.9268493,34.7918341
2025-10-28T23:11:29.579314,31.9268494,34.7918341
2025-10-28T23:11:29.704555,31.9268499,34.7918339
2025-10-28T23:11:29.831661,31.9268501,34.7918339
2025-10-28T23:11:29.959355,31.9268503,34.7918338
2025-10-28T23:11:30.085887,31.9268506,34.7918337
2025-10-28T23:11:30.212801,31.9268508,34.7918337
2025-10-28T23:11:30.339385,31.926851,34.7918336
2025-10-28T23:11:30.466394,31.9268511,34.7918336
2025-10-28T23:11:30.592625,31.9268514,34.7918336
2025-10-28T23:11:30.719265,31.9268515,34.7918336
2025-10-28T23:11:30.847341,31.9268516,34.7918336
2025-10-28T23:11:30.976520,31.9268517,34.7918336
2025-10-28T23:11:31.101291,31.9268519,34.7918336
2025-10-28T23:11:31.228094,31.926852,34.7918336
2025-10-28T23:11:31.354299,31.9268521,34.7918336
2025-10-28T23:11:31.480379,31.9268523,34.7918336
2025-10-28T23:11:31.606266,31.9268524,34.7918335
2025-10-28T23:11:31.732465,31.9268526,34.7918335
2025-10-28T23:11:31.985551,31.9268528,34.7918334
2025-10-28T23:11:32.112715,31.926853,34.7918333
2025-10-28T23:11:32.238482,31.9268531,34.7918333
2025-10-28T23:11:32.365295,31.9268533,34.7918332
2025-10-28T23:11:32.492232,31.9268537,34.791833
2025-10-28T23:11:32.619849,31.9268538,34.7918329
2025-10-28T23:11:32.745538,31.926854,34.7918328
2025-10-28T23:11:32.873536,31.9268542,34.7918327
2025-10-28T23:11:33.000533,31.9268544,34.7918326
2025-10-28T23:11:33.128188,31.9268546,34.7918325
2025-10-28T23:11:33.255184,31.9268548,34.7918324
2025-10-28T23:11:33.381650,31.926855,34.7918323
2025-10-28T23:11:33.509512,31.9268552,34.7918322
2025-10-28T23:11:33.636195,31.9268553,34.7918322
2025-10-28T23:11:33.763326,31.9268554,34.7918322
2025-10-28T23:11:33.889808,31.9268557,34.791832
2025-10-28T23:11:34.017643,31.9268559,34.791832
2025-10-28T23:11:34.144367,31.926856,34.7918318
2025-10-28T23:11:34.271017,31.9268563,34.7918315
2025-10-28T23:11:34.396712,31.9268564,34.7918314
2025-10-28T23:11:34.525598,31.9268567,34.7918312
2025-10-28T23:11:34.652897,31.9268568,34.791831
2025-10-28T23:11:34.780665,31.9268571,34.791831
2025-10-28T23:11:34.909357,31.9268573,34.7918309
2025-10-28T23:11:35.037046,31.9268574,34.791831
2025-10-28T23:11:35.165630,31.9268575,34.791831
2025-10-28T23:11:35.294595,31.9268577,34.7918311
2025-10-28T23:11:35.421544,31.9268578,34.7918311
2025-10-28T23:11:35.548522,31.9268579,34.791831
2025-10-28T23:11:35.675984,31.9268581,34.7918305
2025-10-28T23:11:35.801367,31.9268582,34.7918303
2025-10-28T23:11:35.928837,31.9268583,34.7918301
2025-10-28T23:11:36.055365,31.9268585,34.79183
2025-10-28T23:11:36.181971,31.9268588,34.7918299
2025-10-28T23:11:36.310526,31.9268589,34.7918298
2025-10-28T23:11:36.438328,31.926859,34.7918298
2025-10-28T23:11:36.564568,31.9268592,34.7918296
2025-10-28T23:11:36.689622,31.9268597,34.7918294
2025-10-28T23:11:36.816653,31.9268601,34.7918293
2025-10-28T23:11:36.943241,31.9268605,34.7918292
2025-10-28T23:11:37.072622,31.9268608,34.7918291
2025-10-28T23:11:37.199419,31.9268616,34.7918287
2025-10-28T23:11:37.325633,31.926862,34.7918285
2025-10-28T23:11:37.451430,31.9268624,34.7918282
2025-10-28T23:11:37.578786,31.9268633,34.7918277
2025-10-28T23:11:37.705642,31.9268636,34.7918275
2025-10-28T23:11:37.960410,31.926864,34.7918272
2025-10-28T23:11:38.118039,31.9268649,34.7918268
2025-10-28T23:11:38.282636,31.9268659,34.7918264
2025-10-28T23:11:38.434450,31.9268669,34.791826
2025-10-28T23:11:38.576878,31.9268675,34.7918257
2025-10-28T23:11:38.711725,31.9268683,34.7918254
2025-10-28T23:11:38.844942,31.9268688,34.7918253
2025-10-28T23:11:38.976935,31.9268697,34.7918249
2025-10-28T23:11:39.103292,31.9268701,34.7918247
2025-10-28T23:11:39.231362,31.9268705,34.7918246
2025-10-28T23:11:39.358193,31.926871,34.7918244
2025-10-28T23:11:39.486213,31.9268718,34.7918241
2025-10-28T23:11:39.615629,31.9268723,34.791824
2025-10-28T23:11:39.744173,31.9268726,34.7918239
2025-10-28T23:11:39.881659,31.926873,34.7918238
2025-10-28T23:11:40.008516,31.9268739,34.7918235
2025-10-28T23:11:40.137323,31.9268743,34.7918232
2025-10-28T23:11:40.269350,31.9268747,34.791823
2025-10-28T23:11:40.398730,31.9268754,34.7918225
2025-10-28T23:11:40.529434,31.9268758,34.7918222
2025-10-28T23:11:40.656211,31.9268761,34.7918219
2025-10-28T23:11:40.783198,31.9268767,34.7918214
2025-10-28T23:11:40.910723,31.9268771,34.7918212
2025-10-28T23:11:41.040792,31.9268773,34.7918211
2025-10-28T23:11:41.171300,31.9268777,34.7918209
2025-10-28T23:11:41.301122,31.9268783,34.7918206
2025-10-28T23:11:41.431539,31.9268786,34.7918204
2025-10-28T23:11:41.559807,31.9268789,34.7918203
2025-10-28T23:11:41.688694,31.9268794,34.79182
2025-10-28T23:11:41.817266,31.9268796,34.7918199
2025-10-28T23:11:41.944259,31.9268799,34.7918198
2025-10-28T23:11:42.075793,31.9268804,34.7918195
2025-10-28T23:11:42.204286,31.9268806,34.7918193
2025-10-28T23:11:42.333094,31.9268809,34.7918192
2025-10-28T23:11:42.461938,31.9268811,34.7918191
2025-10-28T23:11:42.589192,31.9268815,34.7918189
2025-10-28T23:11:42.717470,31.9268817,34.7918188
2025-10-28T23:11:42.848312,31.9268819,34.7918187
2025-10-28T23:11:42.978237,31.9268823,34.7918184
2025-10-28T23:11:43.107756,31.9268826,34.7918182
2025-10-28T23:11:43.236245,31.9268828,34.7918181
2025-10-28T23:11:43.365247,31.926883,34.7918179
2025-10-28T23:11:43.494277,31.9268835,34.7918176
2025-10-28T23:11:43.622626,31.9268836,34.7918175
2025-10-28T23:11:43.752759,31.9268838,34.7918174
2025-10-28T23:11:43.889913,31.9268841,34.7918171
2025-10-28T23:11:44.020512,31.9268843,34.791817
2025-10-28T23:11:44.150392,31.9268845,34.7918168
2025-10-28T23:11:44.278302,31.9268848,34.7918165
2025-10-28T23:11:44.407771,31.926885,34.7918163
2025-10-28T23:11:44.536198,31.9268852,34.7918162
2025-10-28T23:11:44.664404,31.9268853,34.7918161
2025-10-28T23:11:44.790757,31.9268856,34.7918159
2025-10-28T23:11:44.920905,31.9268858,34.7918158
2025-10-28T23:11:45.049818,31.926886,34.7918157
2025-10-28T23:11:45.181692,31.9268862,34.7918156
2025-10-28T23:11:45.310450,31.9268864,34.7918155
2025-10-28T23:11:45.439740,31.9268865,34.7918155
2025-10-28T23:11:45.570906,31.9268867,34.7918154
2025-10-28T23:11:45.700152,31.926887,34.7918153
2025-10-28T23:11:45.832365,31.9268871,34.7918152
2025-10-28T23:11:45.961542,31.9268873,34.7918151
2025-10-28T23:11:46.090650,31.9268875,34.7918149
2025-10-28T23:11:46.218194,31.9268876,34.7918148
2025-10-28T23:11:46.345388,31.9268878,34.7918146
2025-10-28T23:11:46.477002,31.926888,34.7918144
2025-10-28T23:11:46.601956,31.926888,34.7918143
2025-10-28T23:11:46.730815,31.9268881,34.7918142
2025-10-28T23:11:46.857979,31.9268882,34.7918141
2025-10-28T23:11:46.987275,31.9268883,34.7918139
2025-10-28T23:11:47.118313,31.9268884,34.7918139
2025-10-28T23:11:47.248189,31.9268885,34.7918138
2025-10-28T23:11:47.382330,31.9268886,34.7918139
2025-10-28T23:11:47.510173,31.9268887,34.7918139
2025-10-28T23:11:47.640178,31.9268886,34.791814
2025-10-28T23:11:47.898894,31.9268887,34.791814
2025-10-28T23:11:48.156521,31.9268887,34.7918139
2025-10-28T23:11:48.284170,31.9268885,34.7918139
2025-10-28T23:11:48.414586,31.9268884,34.7918139
2025-10-28T23:11:48.543621,31.9268883,34.7918139
2025-10-28T23:11:48.674291,31.9268884,34.7918139
2025-10-28T23:11:48.802261,31.9268883,34.791814
2025-10-28T23:11:48.933200,31.9268882,34.791814
2025-10-28T23:11:49.062760,31.926888,34.791814
2025-10-28T23:11:49.191272,31.9268875,34.7918146
2025-10-28T23:11:49.322374,31.9268872,34.7918152
2025-10-28T23:11:49.450986,31.9268871,34.791816
2025-10-28T23:11:49.579615,31.9268869,34.7918176
2025-10-28T23:11:49.709573,31.9268869,34.7918185
2025-10-28T23:11:49.838174,31.9268868,34.7918196
2025-10-28T23:11:49.967373,31.9268865,34.7918205
2025-10-28T23:11:50.097197,31.9268854,34.7918226
2025-10-28T23:11:50.227347,31.9268848,34.7918236
2025-10-28T23:11:50.355774,31.9268841,34.7918245
2025-10-28T23:11:50.485187,31.9268827,34.7918262
2025-10-28T23:11:50.615743,31.926882,34.7918269
2025-10-28T23:11:50.744529,31.9268816,34.7918276
2025-10-28T23:11:50.879797,31.926881,34.7918281
2025-10-28T23:11:51.010348,31.9268805,34.7918285
2025-10-28T23:11:51.137406,31.92688,34.7918288
2025-10-28T23:11:51.264425,31.9268797,34.7918294
2025-10-28T23:11:51.395882,31.9268798,34.7918294
2025-10-28T23:11:51.526739,31.9268798,34.791829
2025-10-28T23:11:51.655649,31.9268798,34.7918287
2025-10-28T23:11:51.784325,31.9268803,34.7918275
2025-10-28T23:11:51.914407,31.9268805,34.7918267
2025-10-28T23:11:52.042905,31.9268808,34.791826
2025-10-28T23:11:52.169642,31.9268816,34.7918253
2025-10-28T23:11:52.299049,31.9268819,34.7918253
2025-10-28T23:11:52.429709,31.9268823,34.7918254
2025-10-28T23:11:52.558735,31.9268826,34.7918254
2025-10-28T23:11:52.686387,31.9268833,34.7918252
2025-10-28T23:11:52.815630,31.9268836,34.7918249
2025-10-28T23:11:52.942960,31.926884,34.7918246
2025-10-28T23:11:53.072968,31.9268848,34.7918247
2025-10-28T23:11:53.202094,31.926885,34.7918248
2025-10-28T23:11:53.330909,31.9268851,34.7918247
2025-10-28T23:11:53.459523,31.9268852,34.7918246
2025-10-28T23:11:53.588385,31.926885,34.7918246
2025-10-28T23:11:53.718250,31.9268847,34.7918246
2025-10-28T23:11:53.845821,31.9268843,34.7918247
2025-10-28T23:11:53.974540,31.9268831,34.791825
2025-10-28T23:11:54.102937,31.9268824,34.791825
2025-10-28T23:11:54.233356,31.9268816,34.7918251
2025-10-28T23:11:54.363384,31.9268808,34.791825
2025-10-28T23:11:54.495650,31.9268793,34.7918247
2025-10-28T23:11:54.624275,31.9268787,34.7918246
2025-10-28T23:11:54.754306,31.9268783,34.7918246
2025-10-28T23:11:54.884660,31.9268781,34.7918249
2025-10-28T23:11:55.012688,31.9268784,34.7918249
2025-10-28T23:11:55.142234,31.9268787,34.7918246
2025-10-28T23:11:55.270226,31.9268795,34.7918238
2025-10-28T23:11:55.399016,31.92688,34.7918235
2025-10-28T23:11:55.526742,31.9268805,34.7918235
2025-10-28T23:11:55.655782,31.926881,34.7918234
2025-10-28T23:11:55.782059,31.9268812,34.7918232
2025-10-28T23:11:55.910426,31.9268816,34.7918234
2025-10-28T23:11:56.039544,31.9268822,34.7918234
2025-10-28T23:11:56.168834,31.9268835,34.791824
2025-10-28T23:11:56.297211,31.9268839,34.7918246
2025-10-28T23:11:56.427216,31.9268843,34.7918256
2025-10-28T23:11:56.556391,31.9268848,34.7918271
2025-10-28T23:11:56.687201,31.9268856,34.79183
2025-10-28T23:11:56.816471,31.9268859,34.7918314
2025-10-28T23:11:56.946960,31.9268861,34.7918332
2025-10-28T23:11:57.076167,31.9268862,34.7918364
2025-10-28T23:11:57.209586,31.9268863,34.7918379
2025-10-28T23:11:57.338198,31.9268863,34.7918395
2025-10-28T23:11:57.475345,31.9268859,34.7918425
2025-10-28T23:11:57.604469,31.9268856,34.7918439
2025-10-28T23:11:57.734333,31.9268854,34.7918453
2025-10-28T23:11:57.864614,31.9268853,34.7918468
2025-10-28T23:11:57.991629,31.9268849,34.79185
2025-10-28T23:11:58.121562,31.9268846,34.7918515
2025-10-28T23:11:58.248746,31.9268842,34.791853
2025-10-28T23:11:58.376232,31.9268835,34.7918558
2025-10-28T23:11:58.504475,31.9268832,34.7918571
2025-10-28T23:11:58.633017,31.926883,34.7918584
2025-10-28T23:11:58.758508,31.9268825,34.7918605
2025-10-28T23:11:58.887904,31.9268823,34.7918616
2025-10-28T23:11:59.018528,31.9268822,34.7918626
2025-10-28T23:11:59.147658,31.926882,34.7918636
2025-10-28T23:11:59.275514,31.9268818,34.7918657
2025-10-28T23:11:59.404412,31.9268817,34.7918667
2025-10-28T23:11:59.531269,31.9268816,34.7918678
2025-10-28T23:11:59.661033,31.9268816,34.7918697
2025-10-28T23:11:59.791128,31.9268817,34.7918707
2025-10-28T23:11:59.920438,31.9268819,34.7918717
2025-10-28T23:12:00.049455,31.9268821,34.7918727
2025-10-28T23:12:00.179195,31.9268825,34.7918746
2025-10-28T23:12:00.307863,31.9268828,34.7918755
2025-10-28T23:12:00.438282,31.9268831,34.7918764
2025-10-28T23:12:00.567692,31.9268837,34.7918782
2025-10-28T23:12:00.697451,31.926884,34.791879
2025-10-28T23:12:00.832424,31.9268843,34.7918799
2025-10-28T23:12:00.961758,31.9268851,34.7918814
2025-10-28T23:12:01.092398,31.9268854,34.791882
2025-10-28T23:12:01.221398,31.9268858,34.7918825
2025-10-28T23:12:01.350496,31.9268861,34.7918829
2025-10-28T23:12:01.478643,31.9268868,34.7918832
2025-10-28T23:12:01.608544,31.9268872,34.7918832
2025-10-28T23:12:01.736139,31.9268875,34.7918834
2025-10-28T23:12:01.864654,31.9268881,34.7918842
2025-10-28T23:12:01.995331,31.9268884,34.7918848
2025-10-28T23:12:02.130509,31.9268887,34.7918855
2025-10-28T23:12:02.263082,31.9268894,34.7918866
2025-10-28T23:12:02.393123,31.9268897,34.7918871
2025-10-28T23:12:02.521754,31.9268901,34.7918877
2025-10-28T23:12:02.652009,31.9268904,34.7918883
2025-10-28T23:12:02.781267,31.9268912,34.7918891
2025-10-28T23:12:02.909295,31.9268917,34.7918891
2025-10-28T23:12:03.038860,31.9268922,34.7918886
2025-10-28T23:12:03.169710,31.9268929,34.7918875
2025-10-28T23:12:03.296012,31.9268932,34.7918871
2025-10-28T23:12:03.424184,31.9268935,34.7918867
2025-10-28T23:12:03.551524,31.9268938,34.7918863
2025-10-28T23:12:03.679637,31.9268941,34.7918856
2025-10-28T23:12:03.808919,31.9268943,34.7918853
2025-10-28T23:12:03.941958,31.9268945,34.7918851
2025-10-28T23:12:04.069705,31.9268951,34.7918849
2025-10-28T23:12:04.201713,31.9268957,34.7918848
2025-10-28T23:12:04.331923,31.9268961,34.7918848
2025-10-28T23:12:04.462089,31.9268966,34.7918849
2025-10-28T23:12:04.591886,31.9268975,34.7918851
2025-10-28T23:12:04.724599,31.926898,34.7918852
2025-10-28T23:12:04.851710,31.9268984,34.7918853
2025-10-28T23:12:04.981527,31.9268986,34.7918855
2025-10-28T23:12:05.112095,31.9268986,34.7918856
2025-10-28T23:12:05.241002,31.9268987,34.7918858
2025-10-28T23:12:05.369216,31.9268988,34.7918862
2025-10-28T23:12:05.500674,31.9268987,34.7918864
2025-10-28T23:12:05.630941,31.9268987,34.7918867
2025-10-28T23:12:05.762830,31.9268985,34.7918872
2025-10-28T23:12:05.892437,31.9268983,34.7918873
2025-10-28T23:12:06.023596,31.9268981,34.7918874
2025-10-28T23:12:06.155702,31.9268978,34.7918874
2025-10-28T23:12:06.280374,31.9268973,34.7918875
2025-10-28T23:12:06.411856,31.926897,34.7918875
2025-10-28T23:12:06.543281,31.9268968,34.7918875
2025-10-28T23:12:06.670875,31.9268961,34.7918875
2025-10-28T23:12:06.805667,31.926896,34.7918875
2025-10-28T23:12:06.936544,31.9268957,34.7918875
2025-10-28T23:12:07.065539,31.9268952,34.7918875
2025-10-28T23:12:07.194499,31.926895,34.7918875
2025-10-28T23:12:07.321780,31.9268948,34.7918876
2025-10-28T23:12:07.449568,31.9268946,34.7918876
2025-10-28T23:12:07.577262,31.9268941,34.7918876
2025-10-28T23:12:07.710260,31.9268938,34.7918876
2025-10-28T23:12:07.851822,31.9268938,34.7918875
2025-10-28T23:12:08.022540,31.9268936,34.7918875
2025-10-28T23:12:08.248077,31.9268933,34.7918874
2025-10-28T23:12:08.459116,31.926893,34.7918873
2025-10-28T23:12:08.586489,31.9268926,34.791887
2025-10-28T23:12:08.715177,31.9268924,34.7918869
2025-10-28T23:12:08.845649,31.9268923,34.7918868
2025-10-28T23:12:08.978555,31.9268921,34.7918868
2025-10-28T23:12:09.102618,31.9268919,34.7918867
2025-10-28T23:12:09.231874,31.9268918,34.7918866
2025-10-28T23:12:09.368026,31.9268917,34.7918865
2025-10-28T23:12:09.498660,31.9268915,34.7918863
2025-10-28T23:12:09.660597,31.9268914,34.7918862
2025-10-28T23:12:09.790671,31.9268912,34.7918859
2025-10-28T23:12:10.052227,31.9268911,34.7918858
2025-10-28T23:12:10.181708,31.9268911,34.7918856
2025-10-28T23:12:10.310269,31.9268911,34.7918855
2025-10-28T23:12:10.438205,31.926891,34.7918854
2025-10-28T23:12:10.565279,31.9268911,34.7918852
2025-10-28T23:12:10.695136,31.926891,34.7918851
2025-10-28T23:12:10.955446,31.926891,34.791885
2025-10-28T23:12:11.084592,31.926891,34.7918849
2025-10-28T23:12:11.213493,31.926891,34.7918848
2025-10-28T23:12:11.340548,31.9268911,34.7918848
2025-10-28T23:12:11.469204,31.9268912,34.7918846
2025-10-28T23:12:11.729364,31.9268913,34.7918844
2025-10-28T23:12:11.858349,31.9268915,34.7918842
2025-10-28T23:12:11.987766,31.9268915,34.7918841
2025-10-28T23:12:12.116579,31.9268916,34.791884
2025-10-28T23:12:12.245581,31.9268917,34.7918838
2025-10-28T23:12:12.377193,31.9268919,34.7918835
2025-10-28T23:12:12.506446,31.9268919,34.7918833
2025-10-28T23:12:12.635528,31.926892,34.7918833
2025-10-28T23:12:12.763746,31.9268919,34.791883
2025-10-28T23:12:12.892511,31.9268918,34.791883
2025-10-28T23:12:13.021761,31.9268916,34.7918831
2025-10-28T23:12:13.151902,31.9268913,34.7918833
2025-10-28T23:12:13.282709,31.9268905,34.7918839
2025-10-28T23:12:13.408666,31.9268899,34.7918844
2025-10-28T23:12:13.539405,31.9268892,34.7918848
2025-10-28T23:12:13.669974,31.9268876,34.7918855
2025-10-28T23:12:13.798318,31.9268869,34.7918856
2025-10-28T23:12:13.927728,31.926886,34.7918855
2025-10-28T23:12:14.056519,31.9268842,34.7918849
2025-10-28T23:12:14.186159,31.9268832,34.7918844
2025-10-28T23:12:14.312993,31.9268822,34.7918841
2025-10-28T23:12:14.439665,31.9268812,34.7918836
2025-10-28T23:12:14.565311,31.9268791,34.7918829
2025-10-28T23:12:14.695308,31.926878,34.7918826
2025-10-28T23:12:14.824091,31.926877,34.7918822
2025-10-28T23:12:14.954403,31.9268761,34.7918819
2025-10-28T23:12:15.083139,31.9268742,34.7918814
2025-10-28T23:12:15.211639,31.9268732,34.7918812
2025-10-28T23:12:15.342071,31.9268723,34.7918809
2025-10-28T23:12:15.470154,31.9268706,34.79188
2025-10-28T23:12:15.599163,31.9268699,34.7918795
2025-10-28T23:12:15.731870,31.9268692,34.791879
2025-10-28T23:12:15.860975,31.9268679,34.7918783
2025-10-28T23:12:15.990611,31.9268673,34.7918781
2025-10-28T23:12:16.119315,31.9268666,34.791878
2025-10-28T23:12:16.250129,31.9268659,34.791878
2025-10-28T23:12:16.380659,31.9268645,34.7918783
2025-10-28T23:12:16.510643,31.926864,34.7918785
2025-10-28T23:12:16.639753,31.9268635,34.7918788
2025-10-28T23:12:16.768714,31.9268626,34.7918794
2025-10-28T23:12:16.899808,31.9268623,34.79188
2025-10-28T23:12:17.028075,31.9268621,34.7918806
2025-10-28T23:12:17.158297,31.9268617,34.7918822
2025-10-28T23:12:17.288191,31.9268617,34.7918831
2025-10-28T23:12:17.417405,31.9268617,34.791884
2025-10-28T23:12:17.546700,31.9268618,34.7918849
2025-10-28T23:12:17.676400,31.9268624,34.7918866
2025-10-28T23:12:17.806733,31.9268629,34.7918875
2025-10-28T23:12:17.936202,31.9268635,34.7918882
2025-10-28T23:12:18.062791,31.9268648,34.7918897
2025-10-28T23:12:18.192004,31.9268656,34.7918903
2025-10-28T23:12:18.321442,31.9268664,34.791891
2025-10-28T23:12:18.452153,31.9268672,34.7918918
2025-10-28T23:12:18.581353,31.9268688,34.7918931
2025-10-28T23:12:18.716079,31.9268696,34.7918938
2025-10-28T23:12:18.845893,31.9268702,34.7918944
2025-10-28T23:12:18.975911,31.9268715,34.7918958
2025-10-28T23:12:19.105334,31.926872,34.7918964
2025-10-28T23:12:19.235871,31.9268725,34.791897
2025-10-28T23:12:19.365351,31.9268733,34.791898
2025-10-28T23:12:19.491861,31.9268735,34.7918986
2025-10-28T23:12:19.620764,31.9268738,34.7918991
2025-10-28T23:12:19.750434,31.926874,34.7918995
2025-10-28T23:12:19.888020,31.9268744,34.7919003
2025-10-28T23:12:20.017128,31.9268746,34.7919005
2025-10-28T23:12:20.147684,31.9268749,34.7919007
2025-10-28T23:12:20.278438,31.9268754,34.7919009
2025-10-28T23:12:20.407431,31.9268756,34.7919011
2025-10-28T23:12:20.537482,31.926876,34.7919011
2025-10-28T23:12:20.666155,31.9268773,34.791901
2025-10-28T23:12:20.796642,31.9268782,34.791901
2025-10-28T23:12:20.926524,31.9268791,34.7919009
2025-10-28T23:12:21.052833,31.926881,34.7918999
2025-10-28T23:12:21.182644,31.9268819,34.7918993
2025-10-28T23:12:21.312506,31.9268825,34.7918985
2025-10-28T23:12:21.441481,31.9268829,34.7918976
2025-10-28T23:12:21.569889,31.9268832,34.7918958
2025-10-28T23:12:21.699393,31.9268832,34.7918949
2025-10-28T23:12:21.829419,31.9268831,34.7918937
2025-10-28T23:12:21.959440,31.9268829,34.7918915
2025-10-28T23:12:22.087360,31.9268829,34.7918906
2025-10-28T23:12:22.217539,31.9268828,34.7918899
2025-10-28T23:12:22.349497,31.9268827,34.7918892
2025-10-28T23:12:22.479670,31.9268824,34.7918878
2025-10-28T23:12:22.606177,31.9268824,34.7918872
2025-10-28T23:12:22.736319,31.9268823,34.7918866
2025-10-28T23:12:22.865490,31.926882,34.7918856
2025-10-28T23:12:22.997196,31.9268819,34.791885
2025-10-28T23:12:23.125622,31.9268821,34.7918843
2025-10-28T23:12:23.255236,31.9268827,34.791883
2025-10-28T23:12:23.385116,31.926883,34.7918824
2025-10-28T23:12:23.514206,31.9268834,34.7918818
2025-10-28T23:12:23.644466,31.9268838,34.7918813
2025-10-28T23:12:23.772439,31.9268843,34.7918801
2025-10-28T23:12:23.907333,31.9268845,34.7918796
2025-10-28T23:12:24.035948,31.9268847,34.7918791
2025-10-28T23:12:24.165375,31.9268858,34.7918784
2025-10-28T23:12:24.295342,31.9268863,34.7918783
2025-10-28T23:12:24.424660,31.9268867,34.7918782
2025-10-28T23:12:24.554304,31.9268872,34.7918778
2025-10-28T23:12:24.685781,31.9268874,34.7918775
2025-10-28T23:12:24.815342,31.9268874,34.7918771
2025-10-28T23:12:24.944823,31.9268873,34.7918768
2025-10-28T23:12:25.074760,31.9268866,34.7918759
2025-10-28T23:12:25.203069,31.926886,34.7918754
2025-10-28T23:12:25.332932,31.9268853,34.7918747
2025-10-28T23:12:25.461622,31.9268843,34.7918733
2025-10-28T23:12:25.589580,31.9268838,34.7918725
2025-10-28T23:12:25.721440,31.9268833,34.7918718
2025-10-28T23:12:25.849974,31.9268827,34.7918711
2025-10-28T23:12:25.979844,31.9268812,34.7918701
2025-10-28T23:12:26.107321,31.9268803,34.7918696
2025-10-28T23:12:26.236692,31.9268795,34.7918689
2025-10-28T23:12:26.366394,31.926878,34.791867
2025-10-28T23:12:26.494602,31.9268774,34.7918659
2025-10-28T23:12:26.627929,31.9268769,34.7918648
2025-10-28T23:12:26.756832,31.9268761,34.7918627
2025-10-28T23:12:26.886793,31.9268758,34.7918617
2025-10-28T23:12:27.016583,31.9268756,34.7918609
2025-10-28T23:12:27.147937,31.9268756,34.7918599
2025-10-28T23:12:27.276576,31.9268762,34.7918578
2025-10-28T23:12:27.404996,31.9268769,34.7918568
2025-10-28T23:12:27.535394,31.9268776,34.791856
2025-10-28T23:12:27.666401,31.9268793,34.7918549
2025-10-28T23:12:27.794419,31.9268802,34.7918545
2025-10-28T23:12:27.923039,31.9268811,34.7918541
2025-10-28T23:12:28.051847,31.9268829,34.7918534
2025-10-28T23:12:28.180504,31.9268838,34.791853
2025-10-28T23:12:28.310549,31.9268848,34.7918526
2025-10-28T23:12:28.439994,31.9268859,34.7918523
2025-10-28T23:12:28.569295,31.9268879,34.7918517
2025-10-28T23:12:28.699414,31.9268888,34.7918513
2025-10-28T23:12:28.832254,31.9268897,34.7918507
2025-10-28T23:12:28.961709,31.9268912,34.7918496
2025-10-28T23:12:29.090307,31.9268918,34.7918493
2025-10-28T23:12:29.221052,31.9268923,34.7918489
2025-10-28T23:12:29.347649,31.9268931,34.7918479
2025-10-28T23:12:29.479388,31.9268932,34.7918472
2025-10-28T23:12:29.604157,31.9268931,34.7918465
2025-10-28T23:12:29.731373,31.9268931,34.791846
2025-10-28T23:12:29.860733,31.926893,34.7918444
2025-10-28T23:12:29.989411,31.9268929,34.7918435
2025-10-28T23:12:30.118455,31.9268928,34.7918425
2025-10-28T23:12:30.246763,31.9268923,34.7918404
2025-10-28T23:12:30.376958,31.926892,34.7918394
2025-10-28T23:12:30.505732,31.9268916,34.7918384
2025-10-28T23:12:30.635444,31.9268913,34.7918375
2025-10-28T23:12:30.769090,31.9268907,34.7918355
2025-10-28T23:12:30.899565,31.9268905,34.7918344
2025-10-28T23:12:31.029897,31.9268902,34.7918333
2025-10-28T23:12:31.160736,31.9268896,34.7918311
2025-10-28T23:12:31.288944,31.9268892,34.7918299
2025-10-28T23:12:31.418216,31.9268888,34.7918288
2025-10-28T23:12:31.548758,31.9268879,34.7918268
2025-10-28T23:12:31.675352,31.9268874,34.7918259
2025-10-28T23:12:31.804511,31.9268868,34.7918249
2025-10-28T23:12:31.935461,31.9268862,34.791824
2025-10-28T23:12:32.064699,31.9268847,34.7918225
2025-10-28T23:12:32.195357,31.9268839,34.7918218
2025-10-28T23:12:32.324328,31.926883,34.7918212
2025-10-28T23:12:32.455712,31.9268811,34.7918203
2025-10-28T23:12:32.585478,31.9268801,34.7918199
2025-10-28T23:12:32.719294,31.9268791,34.7918195
2025-10-28T23:12:32.846688,31.9268768,34.7918189
2025-10-28T23:12:32.975234,31.9268755,34.7918187
2025-10-28T23:12:33.102862,31.9268741,34.7918187
2025-10-28T23:12:33.233412,31.9268728,34.7918186
2025-10-28T23:12:33.364546,31.9268699,34.7918186
2025-10-28T23:12:33.493180,31.9268683,34.7918187
2025-10-28T23:12:33.623224,31.9268666,34.7918189
2025-10-28T23:12:33.777735,31.9268631,34.7918192
2025-10-28T23:12:33.996908,31.9268612,34.7918194
2025-10-28T23:12:34.151120,31.9268577,34.7918198
2025-10-28T23:12:34.291121,31.9268559,34.7918199
2025-10-28T23:12:34.418698,31.9268524,34.7918203
2025-10-28T23:12:34.549621,31.9268493,34.7918206
2025-10-28T23:12:34.705898,31.9268478,34.7918208
2025-10-28T23:12:34.842734,31.9268464,34.7918209
2025-10-28T23:12:34.972266,31.9268433,34.7918215
2025-10-28T23:12:35.099099,31.9268418,34.7918217
2025-10-28T23:12:35.230258,31.9268403,34.7918218
2025-10-28T23:12:35.355857,31.9268371,34.7918224
2025-10-28T23:12:35.550229,31.9268357,34.7918226
2025-10-28T23:12:35.677525,31.9268332,34.791823
2025-10-28T23:12:35.816923,31.9268321,34.7918235
2025-10-28T23:12:35.963172,31.9268312,34.7918237
2025-10-28T23:12:36.092792,31.9268297,34.7918243
2025-10-28T23:12:36.224485,31.9268291,34.7918245
2025-10-28T23:12:36.351358,31.9268281,34.791825
2025-10-28T23:12:36.481373,31.9268278,34.7918253
2025-10-28T23:12:36.611008,31.9268276,34.7918255
2025-10-28T23:12:36.747821,31.9268273,34.7918258
2025-10-28T23:12:36.878653,31.9268273,34.7918262
2025-10-28T23:12:37.008875,31.9268274,34.7918265
2025-10-28T23:12:37.138479,31.9268276,34.7918269
2025-10-28T23:12:37.268871,31.926828,34.7918276
2025-10-28T23:12:37.401004,31.9268283,34.791828
2025-10-28T23:12:37.529673,31.9268285,34.7918284
2025-10-28T23:12:37.660366,31.9268288,34.7918292
2025-10-28T23:12:37.789241,31.926829,34.7918297
2025-10-28T23:12:37.921187,31.9268291,34.7918301
2025-10-28T23:12:38.050703,31.9268293,34.7918309
2025-10-28T23:12:38.179469,31.9268294,34.7918313
2025-10-28T23:12:38.308872,31.9268295,34.7918317
2025-10-28T23:12:38.437605,31.9268296,34.7918321
2025-10-28T23:12:38.592494,31.92683,34.7918328
2025-10-28T23:12:38.748776,31.9268303,34.7918331
2025-10-28T23:12:39.057903,31.926831,34.7918339
2025-10-28T23:12:39.190711,31.9268326,34.791835
2025-10-28T23:12:39.317510,31.9268331,34.7918353
2025-10-28T23:12:39.451057,31.9268338,34.7918356
2025-10-28T23:12:39.586767,31.9268354,34.7918363
2025-10-28T23:12:39.715837,31.926836,34.7918366
2025-10-28T23:12:39.864107,31.9268375,34.7918375
2025-10-28T23:12:39.997211,31.9268384,34.7918378
2025-10-28T23:12:40.127895,31.9268391,34.7918382
2025-10-28T23:12:40.275294,31.9268408,34.7918388
2025-10-28T23:12:40.403688,31.9268417,34.7918393
2025-10-28T23:12:40.553335,31.9268425,34.7918397
2025-10-28T23:12:40.685285,31.926844,34.7918407
2025-10-28T23:12:40.814296,31.9268449,34.7918413
2025-10-28T23:12:41.157621,31.9268481,34.7918433
2025-10-28T23:12:41.288839,31.9268488,34.7918439
2025-10-28T23:12:41.418736,31.9268496,34.7918443
2025-10-28T23:12:41.555380,31.9268503,34.7918448
2025-10-28T23:12:41.686531,31.9268517,34.7918457
2025-10-28T23:12:41.893635,31.9268523,34.7918462
2025-10-28T23:12:42.022659,31.9268536,34.791847
2025-10-28T23:12:42.154199,31.9268547,34.7918479
2025-10-28T23:12:42.285206,31.9268553,34.7918483
